,numb_zeros,time,n_trials
0,0,0.0,0
1,5,0.0189902782440185,253
2,10,0.003537893295288,1048
3,15,0.0293371677398681,10802
4,20,4.165516138076782,2333978
5,25,46.120853900909424,25756225
6,30,808.9402420520782,444922647
