,numb_zeros,time,n_trials
0,0,0.0,0
1,3,0.008958101272583,7
2,3,0.0037379264831542,4
3,8,0.0017800331115722,4
4,20,0.7876489162445068,412773
